<?xml version="1.0" ?>

<patch xmlns="urn:jboss:patch:1.0" id="EBS-01477141-v2">
    <description>
        (6.4.5 patch) Fixes redhat support case 01477141: JSF 2.1 API is missing three methods
    </description>
    <no-upgrade name="EAP" version="6.4.5.GA"/>
    <element id="Update-JSF-EBS-01477141-v2">
        <description>
            JSF-API upgrade
        </description>
        <no-upgrade name="base"/>
        <modules>
            <updated name="javax.faces.api" hash="bf84532dd0e1640d988f7e4922cc4a722dc8218a" new-hash="8350424ae112f0a606bb2fba2d156ba44f814cf4"/>
        </modules>
    </element>
    <misc-files>
        <removed path=".installation" directory="true" hash="8055761c1f73651bda90a0554cdd4d7e31874153"/>
    </misc-files>
</patch>